ID,tip_r,indentation_depth,specimen_E,specimen_n,yield_stress,slope,slope_2,slope_3,work_total,work_elastic,work_plastic,work_ratio,curvature,curvature_linear,curvature_shift,h_ratio,norm_curvature,norm_curvature_linear,norm_curvature_shift,norm_slope,curvature_200,curvature_200_norm,curvature_200_norm_linear,curvature_200_norm_shift,work_total_trapz,work_elastic_trapz,work_plastic_trapz,work_ratio_trapz,alpha,exp,alpha_norm,exp_norm
7700,0.265,0.23,16113.0,0.487,37.98,8891.404582140067,8649.501866937364,8900.706369504273,39.45889646660001,13.84060447600019,25.618291990599822,0.6492399505466259,7554.3091770664305,414.6860851739262,-4.478078833044059,0.26899999999999996,0.8219295246346406,0.19616948128285572,-0.00921034389921677,4.186100852598924,7881.58242426488,0.8252595213820666,0.1913266065784984,-0.00869675230175188,39.45889646660001,-13.84060447600019,53.299500942600204,1.3507600494533742,4.660544231252954,8.287402365863732e-08,1.0015532447231654,1.7619905133411702
7701,0.851,0.23,14023.4,0.473,33.88,7925.815389269315,7736.7970043038085,7929.865980987991,39.82618061000001,13.997167408000227,25.829013201999782,0.6485435662267434,6152.123142605925,619.9860461454077,-2.0122349945342206,0.28600000000000003,0.7035709893784238,0.3082740589625929,-0.004350166731566775,3.931418774744453,6402.734848224255,0.6927977678749023,0.31636661748193384,-0.0027036275589082948,39.82618061000001,-13.997167408000227,53.82334801800023,1.3514564337732566,4.565925414386583,4.1112509050956727e-07,0.9945730204010276,1.5990573719470833
7704,0.332,0.23,14779.1,0.209,117.36,8397.984588516703,8218.351861779529,8409.735857877484,41.4689225636,15.588778586000005,25.880143977600003,0.6240852758570752,7454.390504822632,512.4492780411911,-5.051150536430871,0.3030000000000001,0.7839831596944451,0.2343244707780737,-0.010042208580882674,3.8235326855077543,7827.0585029640415,0.7888460677937578,0.2302912074962635,-0.009426563166134551,41.4689225636,-15.588778586000005,57.05770114960001,1.3759147241429248,4.641629876291162,1.3165093437791926e-09,0.9997788397862918,1.7161926864690842
7705,0.843,0.23,16661.0,0.35700000000000004,112.73,9373.601571063211,9081.855600788927,9393.782199809186,58.28336656800001,24.778648035899963,33.504718532100036,0.5748590121850568,8390.96793154701,1009.1426964346753,-3.9515108250763262,0.3540000000000001,0.6647271796030902,0.3475810571003022,-0.005917505364693451,3.2026998458011384,8846.625387396462,0.6615218817335601,0.35289629249739657,-0.003982712311096823,58.28336656800001,-24.778648035899963,83.06201460389997,1.4251409878149432,4.5794432511618535,2.680395390919829e-07,0.9931581976117896,1.5601893357096797
7706,0.826,0.23,13544.7,0.159,120.86,7858.749920194088,7703.987574120666,7877.658963311136,43.814914716000004,16.654713585999907,27.160201130000097,0.6198848338755738,6479.507922820597,728.6592599537001,-2.5305783941367794,0.32,0.680585436707985,0.3327647333614478,-0.00502463966666834,3.576659754756262,6785.3077808033495,0.6709736620284086,0.3388442910107635,-0.003204491414227295,43.814914716000004,-16.654713585999907,60.469628301999904,1.3801151661244262,4.562649532758497,4.805182606436156e-07,0.9950503063367342,1.5738151270838845
7707,0.89,0.23,13883.0,0.325,126.15,7720.88164295821,7506.576189863587,7780.242372063289,52.95760660500002,24.12312588003581,28.834480724964198,0.544482324135883,7280.880609156126,968.7453491634407,-3.565220176467598,0.3880000000000001,0.6431486746408759,0.37205680340934605,-0.005953304015661368,2.94510169164644,7705.434450793997,0.6364895021815077,0.3750743354543633,-0.003833205706756051,52.95760660500002,-24.12312588003581,77.08073248503584,1.4555176758641168,4.558479592034642,1.9534748784776746e-07,0.9955466794907664,1.533971313955148
7708,0.915,0.23,13234.3,0.244,370.02,6881.987571283131,6609.039894650124,6916.496355115854,68.410628933,43.196546439749575,25.214082493250412,0.3685696636109658,8172.2041162172045,1447.9876474169491,-5.6570378390157305,0.5579999999999999,0.5741910607586634,0.4423379918010237,-0.007513644336988813,2.08767504329535,8719.65865482264,0.5675676225613759,0.44674415999690376,-0.005773632028149124,68.410628933,-43.196546439749575,111.60717537274958,1.631430336389034,4.5406861783727885,3.7321408957233206e-07,0.9950199996275151,1.4654405152718135
7709,0.851,0.23,16278.4,0.494,310.81,8284.085279100203,7872.340179988389,8297.257170750492,82.76559098800001,53.65381628759994,29.111774700400076,0.3517376527235929,10196.708840064151,1717.1495102281174,-8.246647685285241,0.575,0.5887168205847503,0.4310490535921795,-0.00900053157659877,2.0675019586352343,10889.159077707429,0.5824747747233067,0.4336696829064144,-0.0076032862315420936,82.76559098800001,-53.65381628759994,136.41940727559995,1.6482623472764069,4.562642947435599,2.5659735612231103e-07,0.9973995130266524,1.4842521761599552
7710,0.547,0.23,14982.8,0.108,344.53,8001.868219320052,7781.273094730855,8009.113712374591,63.10075306900003,34.17156777653003,28.929185292469988,0.4584602225085369,9308.28337979456,1092.0592733364342,-8.085002511455956,0.456,0.6781491872294986,0.34591868034594475,-0.011134740130337963,2.5295570878111593,9929.94834216548,0.6776512703768115,0.3417559954629739,-0.009976481761201906,63.10075306900003,-34.17156777653003,97.27232084553007,1.5415397774914632,4.605978980648149,7.866744771698343e-07,1.001644838807462,1.5875711340084966
7711,0.17600000000000002,0.23,12241.5,0.04,350.02,6383.228590158884,6200.517695094947,6440.445062184193,48.6921739085,27.424878126500047,21.26729578199995,0.4367703077288033,8234.847796860682,711.104278022447,-9.436437445120669,0.456,0.7500119617091519,0.2815905478188224,-0.016246694819322026,2.5138927510739104,8850.230505024867,0.7611917635319684,0.2658951765743852,-0.015802623488295413,48.6921739085,-27.424878126500047,76.11705203500007,1.5632296922711966,4.649801408362602,7.227388666712495e-08,1.007548118288785,1.6873457133603535
7714,0.41,0.23,68414.0,0.409,253.33,38073.63253856941,37006.173384739035,38116.33161913658,181.112497867,65.8298556970009,115.28264216999912,0.6365250522614786,32611.094641969146,2199.528936339777,-18.634595728331316,0.28600000000000003,0.7860995405731709,0.23052287977481845,-0.008491347715213409,3.965893858283565,34125.87652940751,0.7876919991717658,0.2277677232818573,-0.0075598809606496455,181.112497867,-65.8298556970009,246.94235356400088,1.3634749477385213,4.4405002421423765,1.6448404388234546e-06,0.9992023386047236,1.7137723974452197
7715,0.821,0.23,54575.5,0.3,253.75,31613.686989522328,30812.261451795537,31789.543400342787,153.30547164700002,52.43064998710005,100.87482165989996,0.6579988344589132,23877.175255475908,2355.3827983032793,-7.5852823749954625,0.28600000000000003,0.7058410595463033,0.30273151028640954,-0.004238771123644893,4.037452330792791,24942.310298108856,0.7012733143790894,0.3094923588833278,-0.0022274345075654627,153.30547164700002,-52.43064998710005,205.73612163410007,1.3420011655410868,4.311736063917514,7.226458318367196e-08,0.9915241036644776,1.6039716176803374
7716,0.7609999999999999,0.23,64715.2,0.448,672.93,34120.45623132075,32813.615857955374,34290.647758039064,270.72282158,145.49212216601828,125.23069941398174,0.46257902707687104,37742.86498119232,4945.063521149943,-26.385493592281236,0.456,0.6491311362006852,0.3697784707684434,-0.008578417385593767,2.534447271003911,40092.79837139172,0.6450996524701125,0.3708465347490591,-0.007061300769934772,270.72282158,-145.49212216601828,416.2149437460183,1.5374209729231292,4.461762987925441,9.971443286609407e-07,0.9976527311340128,1.5484722254668544
7717,0.361,0.23,54603.5,0.099,674.29,30737.40086202936,30017.085015752327,30770.309439874676,170.72155087500005,70.47015858319995,100.25139229180006,0.5872216587652882,29531.416120042697,2300.8818834637123,-22.578121562503267,0.337,0.7634586156380248,0.2586233322326429,-0.0110340082475819,3.445023795823136,31286.982148438918,0.7682254859520357,0.2499735170739765,-0.009953267306004264,170.72155087500005,-70.47015858319995,241.1917094582,1.4127783412347117,4.410784334403848,1.6190383846487606e-10,1.0020720617816579,1.6907841869788054
7718,0.732,0.23,56785.5,0.062,648.49,32985.74134371873,32340.444350523663,33120.107063585354,184.9214936430001,71.64192844200008,113.279565201,0.6125819285220121,28168.1559981981,2978.394793351657,-13.832294399949618,0.32,0.6965406349824848,0.3202155884122962,-0.006465864560328725,3.53662601399512,29645.21519486853,0.6903830952584479,0.3217684945277146,-0.004644529329205227,184.9214936430001,-71.64192844200008,256.5634220850002,1.387418071477988,4.382676435030182,1.5333790232504154e-07,0.9978454458336088,1.595494742306074
7720,0.952,0.23,59963.6,0.271,1198.05,31644.190881658407,30546.925545990078,31912.11805410812,286.65827330100007,165.7561246601,120.90214864090008,0.4217640302115023,35454.590635025896,5863.145441552257,-21.409674735205808,0.507,0.5916554684756983,0.425401723311499,-0.006753841502277233,2.282424472530772,37822.455224223566,0.5849533725327141,0.4277261079613904,-0.0046476316952768215,286.65827330100007,-165.7561246601,452.41439796110006,1.5782359697884978,4.4410390974275264,2.53116961888913e-10,0.9961626303008392,1.4803865284187747
7721,0.08900000000000001,0.23,70032.8,0.271,1233.66,36285.24839184688,34880.33698496107,36408.55533771568,255.32364107900003,139.45583176820006,115.8678093108,0.4538076020737507,46132.02098259922,3281.8389356848434,-49.57508253523379,0.439,0.7860162348910742,0.2431187566523857,-0.015967495976734747,2.662067908594526,49398.90112147648,0.8027729837139262,0.2261738800052153,-0.015624378665835341,255.32364107900003,-139.45583176820006,394.7794728472001,1.5461923979262493,4.559075152074085,2.4839562068659138e-06,1.006480288272354,1.733444973325184
7722,0.868,0.23,68901.0,0.152,1068.76,37962.46764318378,37069.545571886585,38079.475338838194,279.264756574,135.17747109600808,144.08728547799197,0.5159522714059749,38051.83095711192,5173.677637610059,-20.278664554960145,0.405,0.6392219454035122,0.3778745479665943,-0.0064396124867156426,2.7662592711144205,40376.34669284562,0.6328491757742288,0.3793559923187912,-0.004302416311624313,279.264756574,-135.17747109600808,414.44222767000815,1.4840477285940252,4.455995397443128,6.361286005911261e-07,0.997023253521265,1.5302088821835644
7723,0.227,0.23,66563.6,0.253,1097.93,34801.507401379546,33702.84848023479,34848.74870257172,245.1697109270001,129.04755787800013,116.12215304899996,0.473639882389777,42271.293263132815,3410.5446268459627,-42.119957198723114,0.42200000000000004,0.7614944879844234,0.2671265985666378,-0.014343445840421016,2.7197377701016365,45084.61652450793,0.7707893970578196,0.2554041480495348,-0.013894341570211041,245.1697109270001,-129.04755787800013,374.2172688050002,1.5263601176102233,4.526498183928928,8.446644185575736e-07,1.0062263802009448,1.6962246068489015
7724,0.298,0.23,61975.3,0.042,2195.32,31360.527751391484,30364.71251628972,31432.409298706334,270.72331513700004,167.70193207300028,103.02138306399976,0.38054122901038495,42783.80456028591,4376.560906682187,-48.721109583337366,0.507,0.7125739942262778,0.3169244182400966,-0.015339529520066859,2.262558743528733,46037.845907002265,0.7220923812657843,0.3052538348439186,-0.014744554881061194,270.72331513700004,-167.70193207300028,438.4252472100003,1.6194587709896149,4.520012597412889,7.044567645233604e-07,1.0050758125123926,1.6404185088544287
7725,0.7959999999999999,0.23,67718.8,0.085,2373.73,34794.77221435132,33483.37946042096,34974.56391564697,340.60120492,216.56108564800263,124.04011927199731,0.3641799191553997,43281.018344133634,6864.222803159684,-33.710815837864324,0.5409999999999999,0.6033509128182799,0.416040908336612,-0.008883540070033944,2.094379501275744,46364.08435580156,0.6005805022949466,0.4163002266328533,-0.007135643057156527,340.60120492,-216.56108564800263,557.1622905680026,1.6358200808446002,4.478753949450834,1.1599196800361375e-06,0.9972662155698544,1.4994994895398084
7726,0.767,0.23,70444.8,0.115,2040.38,36725.4353739161,35401.898784435085,36759.61760251227,336.315874429,202.47038630201337,133.84548812698662,0.3979755292676288,44290.59399581257,6544.589085684794,-33.582129414713165,0.507,0.6208045963213451,0.398839321119676,-0.008898073485142745,2.227482703711148,47295.905960575554,0.6174199867106792,0.39931470870793456,-0.007265528770811717,336.315874429,-202.47038630201337,538.7862607310134,1.6020244707323712,4.4865873761743895,1.814966870793809e-06,0.9977233519281056,1.5181032489052315
7727,0.282,0.23,65676.5,0.336,2107.16,31976.52136028992,30358.360967057924,32169.09875900375,302.231215812,207.13339355999975,95.09782225200024,0.31465254836930845,47072.726670136115,5012.474650197583,-56.867971939520146,0.575,0.7044164186451906,0.32612527312153744,-0.016086891606348148,2.0646967463154224,50771.202961793395,0.7141961589331267,0.3139144748521832,-0.015594961014672002,302.231215812,-207.13339355999975,509.3646093719998,1.6853474516306914,4.539030454424191,1.847685465541891e-06,1.0054230727462354,1.63302636175172
7729,0.172,0.23,107042.0,0.382,672.01,57351.833880143,55808.375627403184,57440.76250163211,308.13066562600005,130.21329691599993,177.91736871000012,0.5774088351399305,58552.37375627278,3394.9227094062285,-45.214698867758244,0.337,0.8172247070981952,0.2060150935652486,-0.01192946482596986,3.4714753816388857,61702.479084818304,0.8286165188215481,0.19582224172931514,-0.011520457390175263,308.13066562600005,-130.21329691599993,438.343962542,1.4225911648600695,4.594291159481687,2.842186141561941e-08,1.0045457194675538,1.7622190521789751
7730,0.759,0.23,106322.9,0.371,575.85,59228.487404997555,57567.784150259715,59246.25930278107,338.3394983100001,136.26825308800008,202.07124522200002,0.5972440292408729,52222.0122013142,5334.9482512184195,-24.044179481963486,0.337,0.7012334977830883,0.3114665687602414,-0.00610328217527595,3.4425445635362686,54654.9367292564,0.6973014948576272,0.31822520832988505,-0.004668159539645691,338.3394983100001,-136.26825308800008,474.6077513980002,1.4027559707591268,4.529050185511114,4.591574380493673e-08,0.9942649226589478,1.6029045116793952
7731,0.772,0.23,119427.6,0.218,505.09,70300.76083336952,68729.82846497625,70491.79417259987,282.59325429000006,81.53884672699995,201.0544075630001,0.7114621616433775,46648.57168842422,3921.9450588629893,-11.723764983370133,0.23500000000000004,0.7397476704484041,0.270407609563334,-0.003514442621330768,4.835907708500287,48321.882082199314,0.7287910102363029,0.27771647381289266,-0.0018015939893534227,282.59325429000006,-81.53884672699995,364.13210101699997,1.2885378383566226,4.5122958328177045,1.8988616841685928e-07,0.9944701313107944,1.6403320616336998
7732,0.606,0.23,108892.8,0.192,1732.27,58758.18724327678,56729.888466887714,58800.397877983916,423.34725451000014,213.67513879800012,209.67211571200002,0.4952721754501121,64007.608007951036,7029.650433172451,-47.3234237720923,0.42200000000000004,0.6900899928140473,0.3295186706675939,-0.009644831200936134,2.7374191529692995,68045.74888355142,0.6919072065866287,0.3273589018427588,-0.008228097909950095,423.34725451000014,-213.67513879800012,637.0223933080001,1.5047278245498878,4.563785738653587,6.097149319533605e-06,0.9985019129458408,1.5988193447079966
7733,1.0,0.23,96438.9,0.119,1922.37,52511.148703118844,50971.9699587625,52616.568214394334,432.9833591200001,228.83234704,204.15101208000004,0.4714985178527848,54741.785744346584,8612.553198921172,-25.170903190465538,0.456,0.602263704229669,0.4119758936693173,-0.005234928055681678,2.500702765832968,57988.36348498677,0.5930705548871521,0.4173370505932322,-0.003046797964568725,432.9833591200001,-228.83234704,661.81570616,1.5285014821472152,4.502266469935637,9.532044579340043e-08,0.994452216891512,1.48748502795377
7734,0.198,0.23,116514.0,0.324,1762.88,60015.17554057199,57774.37603065612,60213.845000576526,428.0193994380001,232.72481247365792,195.29458696434224,0.4562750829069168,75065.61436553237,5775.988992518051,-75.14771435635458,0.439,0.7698022498129657,0.25753522785462185,-0.01456794197542484,2.6589355158564882,80198.6342032778,0.7831064439692238,0.24404380838583364,-0.014024884142471852,428.0193994380001,-232.72481247365792,660.744211911658,1.5437249170930831,4.619572977889719,1.3412286782563277e-06,1.0051042751958563,1.7087649495727597
7735,0.211,0.23,119762.6,0.464,1998.19,59246.76642514978,56248.56915882291,59562.460572206706,484.52247393700014,300.13526426807994,184.38720966892012,0.3805545038410232,82053.53744621223,7020.165957947384,-89.42110134012596,0.507,0.7503084799867804,0.27910145683220394,-0.015457061704406371,2.334337039978581,88083.57556822078,0.7628138939159251,0.26455929085945235,-0.014877274757268263,484.52247393700014,-300.13526426807994,784.6577382050799,1.6194454961589768,4.623269927680996,2.886280550856733e-06,1.0059385823615978,1.6864284150706736
7736,0.246,0.23,103035.9,0.275,3759.18,49581.54357507564,47118.56252194116,49842.19536341887,471.85116756500014,329.0658238360347,142.7853437289654,0.3026067403113841,75103.37902981338,7603.39507383868,-91.35085318242979,0.575,0.7162812834284826,0.31528539266443323,-0.016469525036555417,2.040595841085137,81033.04436781441,0.7273639495439843,0.30150520165043365,-0.01599696695398327,471.85116756500014,-329.0658238360347,800.9169914010347,1.697393259688616,4.600352036825251,7.013582906965147e-06,1.0064594730660044,1.6476971088320218
7737,0.385,0.23,107582.6,0.396,3600.7,51603.12199345665,48679.98060697385,51805.265654648974,516.6446049530001,370.89075608101797,145.7538488719821,0.2821162700135841,77363.48195403279,8965.25989187752,-88.7422801702375,0.6090000000000001,0.6839963791551426,0.3446298171508389,-0.014831761726847371,1.966811994232641,83353.87140624215,0.6910654440414823,0.3350978225199603,-0.014135984183091881,516.6446049530001,-370.89075608101797,887.5353610340181,1.7178837299864158,4.584980796142951,8.178260311620105e-07,1.003896152547645,1.6057381897647804
7738,0.28,0.23,120389.6,0.35100000000000003,3896.34,57817.71431848696,54784.375387496446,58132.13981244673,550.980217375,384.90555415210594,166.07466322289415,0.3014167441693516,87168.9055383275,8924.185476858425,-102.73455122439877,0.5920000000000001,0.7131301606228241,0.3174299930128172,-0.0158879568313717,2.0404666405487424,93969.06609898647,0.723343731493292,0.3044334136496866,-0.01530736905361963,550.980217375,-384.90555415210594,935.885771527106,1.6985832558306486,4.612913228082613,1.8017967393987632e-06,1.0057732957785808,1.6424305474648808
7739,0.753,0.23,116113.8,0.494,3505.4,55910.69206948505,52573.375541372305,56288.09072524464,614.81244869,450.8359514564,163.97649723359996,0.26670978699762793,78555.02772622803,12436.62232180807,-73.49049095693067,0.6599999999999999,0.6056203519366593,0.41687043096180615,-0.01071030885959949,1.864313451330424,84227.71746024651,0.6028545770025837,0.4165003936716573,-0.009490987857001228,614.81244869,-450.8359514564,1065.6484001464,1.7332902130023717,4.5424259672804554,5.73242031807524e-06,0.9991930615926832,1.5069845486303377
7741,0.557,0.23,174583.8,0.199,1014.86,100270.89299661553,98151.00252360578,100270.97795639957,442.87525110000007,145.72342058500004,297.1518305150001,0.6709605690924101,77137.57904601049,5675.62781864898,-34.34912097236058,0.26899999999999996,0.7670230400939777,0.24537396855674296,-0.006456578498115613,4.325721647530616,80463.72183159109,0.7648537162709638,0.24633204387171054,-0.005111397210317386,442.87525110000007,-145.72342058500004,588.5986716850001,1.3290394309075901,4.598420093045157,4.938461151481152e-06,0.9957209816735136,1.6848246421082416
7742,0.221,0.23,171996.0,0.424,1344.01,89369.15380937117,86147.12015473997,89767.4889827813,555.8713279150002,268.27232940599964,287.5989985090005,0.5173841212277422,101530.91398847089,6777.814079064358,-85.16401205867025,0.3880000000000001,0.7946137933998167,0.2306320315138245,-0.012599643621531596,3.0200911042273404,107514.84853684984,0.8026065704636216,0.21907225834452013,-0.011990435906299423,555.8713279150002,-268.27232940599964,824.1436573209999,1.482615878772258,4.658586804150996,9.413672746024565e-07,1.0051852216387485,1.7337081964434549
7743,0.295,0.23,151485.6,0.235,1123.26,84192.1041668391,81945.28601268154,84396.91444600263,414.31980136100015,158.15778755799963,256.16201380300043,0.6182712314534164,76831.72051058376,4771.342450129892,-51.48753313778643,0.3030000000000001,0.8021310516410355,0.2165795821195096,-0.010161344619024614,3.8038188943769873,80724.93394189207,0.8088772254185409,0.2095709754828788,-0.009416548625166159,414.31980136100015,-158.15778755799963,572.4775889189998,1.3817287685465836,4.625226294251204,1.1011383032244816e-06,1.0007423515713063,1.739570844372908
7744,0.456,0.23,148031.7,0.254,2166.77,78085.36386886776,75337.15016382607,78609.15695998141,554.0580561,284.4685389120003,269.58951718799966,0.4865726871397434,89329.90939921341,8468.920489931415,-74.8087939992607,0.42200000000000004,0.7244290634855821,0.2986064564483176,-0.01146821869287407,2.7369312855210812,95300.15382930287,0.7309739922575224,0.29057682307239285,-0.010184920021021594,554.0580561,-284.4685389120003,838.5265950120004,1.513427312860257,4.60804379031134,2.6475432489500085e-07,1.0015475247397017,1.6439972866549668
7745,0.8220000000000001,0.23,142415.3,0.27,2576.27,74670.16148469508,71902.99656351247,74850.92081831206,632.9704121000002,357.2931515776001,275.6772605224,0.4355294580165101,85434.71094480174,11952.167048813504,-57.55697726399265,0.49,0.6333827346181358,0.3852571399809529,-0.00806629814003345,2.389424837230196,91107.8027451706,0.6303599231686763,0.3853456596383661,-0.006175689982084977,632.9704121000002,-357.2931515776001,990.2635636775999,1.56447054198349,4.553669688106586,2.3676045105587877e-06,0.9974409777497284,1.5292095229974658
7746,0.8959999999999999,0.23,142771.2,0.319,2368.21,74709.15108647766,71628.5665203455,75244.8674513892,645.69469037,367.1269979699998,278.56769240000017,0.431423235399959,84522.24286487872,12545.844192088583,-53.522713754234466,0.49,0.6182730014837451,0.3990077313533503,-0.007401020625068744,2.356655082135643,90099.15649298935,0.6141261924861302,0.4005365236078803,-0.00540500800836522,645.69469037,-367.1269979699998,1012.8216883399997,1.5685767646000408,4.544931793674087,3.629479072095516e-07,0.9963032473395838,1.5111010435639478
7747,0.6579999999999999,0.23,151129.8,0.491,2451.16,75373.08747606857,71292.64984688051,75679.80126703113,690.35634521,437.6114224780217,252.74492273197828,0.3661079158403268,97615.01714587297,12552.141285203952,-84.28873541351197,0.5409999999999999,0.6557474838120471,0.3666147948321031,-0.010703699284238944,2.183723651012984,104323.85559236737,0.6554873469376046,0.3638938345735754,-0.009410709914332094,690.35634521,-437.6114224780217,1127.9677676880215,1.6338920841596731,4.581225600299921,3.5627754922003136e-06,0.9998222334664204,1.5618372441282542
7748,0.455,0.23,152644.5,0.488,3385.05,73908.11743710589,69673.43272058935,74287.60956348173,702.2754829500002,478.65488428919997,223.62059866080008,0.31842290395992817,105787.84348267764,11986.653933387366,-108.77787657847513,0.5920000000000001,0.6879567007424531,0.33891865683343075,-0.013372427914895915,2.0722219295475988,113571.71816045481,0.6933180367823879,0.3308604395544931,-0.01242775531182426,702.2754829500002,-478.65488428919997,1180.9303672392002,1.6815770960400718,4.609815660299653,1.3809656994837706e-06,1.0031943578644795,1.6057559781415924
7749,0.506,0.23,131513.4,0.18600000000000005,3980.17,65817.88499970204,62989.763908522196,66276.05224333945,601.47386756,382.9119985605,218.5618689995,0.3633771653058516,88647.13861523382,10506.178400960378,-86.6986721660346,0.5409999999999999,0.6768617583720522,0.34878049574906805,-0.01251388122609391,2.1711548239006544,95188.58547754222,0.6810284571280475,0.3414309250934528,-0.011324668951641623,601.47386756,-382.9119985605,984.3858661205,1.6366228346941485,4.58797187965787,1.7728435095907226e-07,1.0022923815346494,1.5904787988953732
7750,0.633,0.23,166583.6,0.086,3948.71,87144.00612968151,84384.00651289705,87466.90628212363,704.9596077900003,390.59628215001885,314.36332563998144,0.4459309755710526,103563.37406645557,12182.49997653035,-80.95224188970666,0.456,0.6770529354381751,0.3462780975352279,-0.01000436838906001,2.467853777284766,110540.29739812767,0.6761340887329429,0.34128592264822605,-0.00839666304648407,704.9596077900003,-390.59628215001885,1095.5558899400191,1.5540690244289477,4.592839557766171,1.7487285349850354e-06,1.0016026623317376,1.5822667977117395
7751,0.888,0.23,170175.4,0.374,3900.03,85311.98461907583,81031.2134731448,85836.58769417682,847.7705230800002,553.8184142239979,293.9521088560022,0.3467354677396153,107696.11228888149,17047.877491245825,-79.09603784809529,0.575,0.6033542645301462,0.4152549648598027,-0.008376668777391806,2.0627128802800083,114884.47544496752,0.5980747440424419,0.4175305924463633,-0.006749823213856639,847.7705230800002,-553.8184142239979,1401.5889373039981,1.6532645322603852,4.558061084339898,8.770894246936716e-07,0.99681232916485,1.498055254133597
7756,0.428,0.23,228209.3,0.073,1720.32,132469.1678130254,129915.38290712803,133004.01899890337,553.0950778400002,174.19525548000007,378.89982236000014,0.6850536870436742,100826.3814343215,6495.190610677744,-53.0779537759978,0.2520000000000001,0.7972811997109955,0.22330652770987275,-0.00793406778444347,4.544363398304856,105404.62602545098,0.7976949109780949,0.21981403227141288,-0.006829401621849937,553.0950778400002,-174.19525548000007,727.2903333200003,1.3149463129563257,4.643898779700872,2.3749320516419195e-06,1.0037501417667087,1.7214595571489442
7757,0.28300000000000003,0.23,213480.2,0.192,1870.34,117368.38745014227,114680.02665561016,117606.43602929694,597.42708265,235.02656697002791,362.40051567997216,0.6066020878606249,111193.6035982583,6838.363617219752,-76.56389621175028,0.3030000000000001,0.8059715563979076,0.21550843386524146,-0.0104907923579246,3.6860790719584986,116899.8535795482,0.8103370271583891,0.2070098616061228,-0.009734085063989541,597.42708265,-235.02656697002791,832.4536496200278,1.393397912139375,4.666913363871641,4.61998761790924e-07,1.0033253386428735,1.7430096776465926
7759,0.79,0.23,185457.5,0.3670000000000001,1763.37,98596.44463571998,95625.03470966664,98653.46534653458,709.8973393300002,350.1978409089998,359.6994984210004,0.5066922757598783,103247.90647393775,12234.926208025381,-59.759587807901056,0.42200000000000004,0.6715744449070362,0.3460082334792636,-0.007347928006261465,2.7797743573967284,108860.2489178758,0.6644907452303568,0.3490321347099861,-0.0058533601801821385,709.8973393300002,-350.1978409089998,1060.095180239,1.4933077242401216,4.583197620661926,1.6595955978334175e-06,0.9975493491604119,1.5697494785264574
7760,0.988,0.23,194239.6,0.345,3892.19,98879.35552696232,94404.67413671939,99249.46845439552,948.08021309,588.1914523611129,359.88876072888735,0.3795973755806287,118089.94061330162,19291.879293991497,-73.74318859211971,0.5409999999999999,0.5947897585681438,0.4224713615309306,-0.007021287942722263,2.1521192232335937,125548.69889865672,0.586252943417754,0.4262989186296711,-0.005217913696004801,948.08021309,-588.1914523611129,1536.271665451113,1.6204026244193712,4.555590747498597,5.607374730824091e-06,0.9962288556081258,1.4845919554043796
7761,0.382,0.23,179046.2,0.473,3749.09,86632.61020852762,81864.22106650543,87335.31632387401,791.2026735200002,529.2533323691578,261.9493411508423,0.3310774216490571,124520.70227585164,12750.215126069746,-128.90547672388763,0.575,0.7110207566195745,0.3165413099758317,-0.013914141726526046,2.1313507589624785,133628.2497560499,0.7184887381213262,0.30632925591253024,-0.013043367539939316,791.2026735200002,-529.2533323691578,1320.456005889158,1.6689225783509432,4.6341482664979115,1.241187225164917e-06,1.0040573745813586,1.634335130623506
7762,0.532,0.23,175077.5,0.172,3868.79,90228.51224596014,87121.81394421472,90433.17552013203,729.8770142900001,415.00155604541976,314.8754582445804,0.4314089251747168,111481.56884674064,12068.685920157888,-95.3504494253744,0.4730000000000001,0.6963805223347569,0.3277748871835221,-0.011259277675814815,2.442028044138332,118918.89978439148,0.6981041974446418,0.32211609187944995,-0.010045994195161912,729.8770142900001,-415.00155604541976,1144.87857033542,1.5685910748252831,4.611047433452999,1.981119413792819e-06,1.0020555369620394,1.609032827515226
7763,0.959,0.23,230944.0,0.033,3626.55,129698.4210602394,126198.62557909814,130452.75179691875,888.4608399100001,403.5736335370006,484.88720637299963,0.5457609211252552,122552.45396537356,16109.936698375193,-50.53266736833541,0.3880000000000001,0.6454817242636701,0.3689163797088391,-0.005031280116277039,2.9539745978719973,129147.54882787346,0.6355228783714417,0.3733272960945708,-0.002869905007556905,888.4608399100001,-403.5736335370006,1292.0344734470007,1.4542390788747448,4.575555745985572,1.9456556953395943e-06,0.9953608862371734,1.5334169384090843
7768,0.198,0.23,264852.5,0.245,2195.45,142165.14615402702,138976.60787089312,142593.18448883668,737.2734149639999,301.28421671000234,435.9891982539977,0.5913534781059296,141940.59329458803,7786.904276663256,-101.8254653370358,0.32,0.8264367592441635,0.1971242446489584,-0.011207373911384766,3.583136970834665,149366.26794715357,0.8344301223278253,0.1857519428019853,-0.010547082804810906,737.2734149639999,-301.28421671000234,1038.5576316740023,1.4086465218940705,4.422216868031749,2.2300629787934884e-06,1.0056558996994125,1.770636661553829
7769,0.797,0.23,222996.2,0.24,1917.33,123275.13701132633,120054.48248631894,123445.63172958976,743.50629035,310.8972547120003,432.60903563799974,0.581849866306245,112975.20610109756,11977.919715016811,-51.045592252265166,0.3540000000000001,0.6949797802690517,0.32036319972320965,-0.005935973262122992,3.288624344296509,118475.78795581283,0.68818199791389,0.3250342782946715,-0.0042783219209939286,743.50629035,-310.8972547120003,1054.4035450620004,1.4181501336937552,4.596688446083253,4.026285338684091e-06,0.9967649130564308,1.5926495486548355
7772,0.941,0.23,278460.4,0.188,3240.57,152679.75998702287,148349.7540307961,152903.05117468257,1035.75139712,473.1163997269998,562.6349973930004,0.5432143262924457,146140.99213019744,18312.60904104864,-62.02997862895256,0.3880000000000001,0.6562029753984695,0.3575102762685138,-0.005265166115363476,2.9652005975578613,153894.61322662196,0.6486662941451617,0.3627796547270386,-0.0032365290657284107,1035.75139712,-473.1163997269998,1508.8677968470001,1.4567856737075542,4.590951880883863,2.574515474370258e-06,0.9947500071165672,1.5468267909383062
7773,0.159,0.23,260604.8,0.308,3444.94,132260.61443028646,127957.08649880141,132615.81158115805,884.9167023130002,461.86726624699725,423.04943606600295,0.4780669581218594,164415.73538109544,10472.928368025163,-147.59693720686977,0.42200000000000004,0.8052431552692585,0.22300981029194333,-0.013664865587259623,2.8068351282586903,174867.44137232006,0.8173597362171795,0.2073533256615059,-0.0129804975676648,884.9167023130002,-461.86726624699725,1346.7839685599974,1.5219330418781407,4.425595294340732,2.135917944945357e-07,1.0077630612407364,1.7487753914501516
7774,0.627,0.23,225915.0,0.487,3690.87,111153.53757649471,104907.64682656062,111649.28837976222,1011.10598885,647.714717349995,363.39127150000513,0.3593997815336005,147696.45196707678,17692.632235347228,-126.45896506421856,0.5579999999999999,0.6725900453534102,0.35030391927725296,-0.010886151591894877,2.1827128195958068,157806.95002054918,0.6736229066687575,0.3461435511089858,-0.009567222599384728,1011.10598885,-647.714717349995,1658.8207061999951,1.6406002184663997,4.615130610722762,5.354565842019608e-07,1.0005509407844575,1.5811832145208595
7775,0.491,0.23,234781.7,0.3720000000000001,3017.82,119730.12496048187,114929.88019431199,120368.83481336225,903.92515165,494.879178183998,409.04597346600207,0.4525219513134918,145082.41923198552,13879.357606121708,-117.86027689770992,0.456,0.7229385269634111,0.3006963166802669,-0.011101927260733108,2.579412049672292,154286.38200603213,0.7253572191280863,0.29415077986575905,-0.00994068268130445,903.92515165,-494.879178183998,1398.804329833998,1.5474780486865078,4.6414560583689095,1.0138565975057008e-06,1.0023191213939702,1.6401554629069286
7781,0.384,0.23,83518.0,0.248,698.61,46253.6775124301,45102.494185102376,46492.192192192226,250.60398291200002,101.47991246100105,149.12407045099894,0.595058660753066,43817.47013458243,3286.0474735934035,-30.84583965414436,0.32,0.7696643261365798,0.2509574280049847,-0.010242240890108372,3.5189263299990015,46158.800761709186,0.7728890282216405,0.2457808749481968,-0.009384930986423436,250.60398291200002,-101.47991246100105,352.0838953730011,1.404941339246934,4.525727512967836,1.2678471825673163e-07,1.001367216010884,1.696545165835803
7782,0.594,0.23,161724.0,0.192,1421.81,90760.20031563939,88748.2027291325,90844.79697088397,496.74929190000006,196.49190795900088,300.2573839409992,0.604444513232328,81476.38537645401,7192.661852248989,-45.48181728869696,0.32,0.7347798216326271,0.2820247645240672,-0.00775367228879457,3.545060029943055,85643.49387029014,0.7336988536588714,0.2818552594228965,-0.006369612314268498,496.74929190000006,-196.49190795900088,693.241199859001,1.395555486767672,4.593008104903249,6.007158439307486e-07,0.9981333811457559,1.6463877346403608
7783,0.775,0.23,200938.0,0.2,1791.47,112304.3496641026,109782.73012463324,112484.05797101447,654.47466736,265.3053328100001,389.16933454999986,0.5946285684667053,100395.17825610325,10405.440638571212,-45.62531933135403,0.337,0.7000209571881576,0.3154501997751353,-0.006013789739870461,3.395139058315966,105331.00242040557,0.691974090764305,0.3184003390789347,-0.0042875069843477664,654.47466736,-265.3053328100001,919.78000017,1.4053714315332948,4.590724442219222,1.3710424740317972e-06,0.9969632727020401,1.5987423159957073
7784,0.996,0.23,125173.0,0.069,1462.12,72564.88654848225,70977.43044837943,72803.57749053401,441.20331256000014,177.75148866200016,263.45182389799993,0.5971211375757126,60775.3982852903,7960.6149311122,-19.140087675172534,0.337,0.6437942831310143,0.3666385300656945,-0.0038327260979964272,3.330019794058141,64106.50290697043,0.6369404070530092,0.37178936014449016,-0.0012317012274216663,441.20331256000014,-177.75148866200016,618.9548012220002,1.4028788624242874,4.52479396846605,3.806625092678301e-06,0.9921991419022133,1.5295806851944864
7785,0.404,0.23,168884.0,0.253,2388.29,88969.06466263172,86062.57026618755,89610.887175674,614.2397360400001,311.8068473281387,302.43288871186144,0.4923694625516162,101923.23066703387,8978.805430279168,-86.20561934588963,0.405,0.7398957736178869,0.2833923320947592,-0.01182979690226925,2.7880039901863207,108610.36343226752,0.7474101640346059,0.2743797552323011,-0.0106777435130382,614.2397360400001,-311.8068473281387,926.0465833681387,1.5076305374483838,4.628339075998978,2.7551499101653905e-06,1.0019997424954228,1.6639782551220823
7787,0.213,0.23,33366.0,0.173,551.26,17854.258179912296,17344.0436255807,17931.293129312915,117.62677415600001,58.10489431900081,59.52187983699919,0.5060232269743244,20545.239303549548,1594.8968293001017,-20.074048021622303,0.3880000000000001,0.7685215350122921,0.2593878327772241,-0.014194631543054254,2.8935746545430336,21884.42481411692,0.7772554666015941,0.24736148447246376,-0.013742814001537195,117.62677415600001,-58.10489431900081,175.73166847500084,1.4939767730256757,4.239798974994912,4.538937612203614e-07,1.0058581206125992,1.7050199522117044
7788,0.988,0.23,76098.0,0.045,1273.04,43034.461374750535,41938.22152186322,43261.96532696744,308.64143739,143.2567966480018,165.38464074199817,0.5358471699087436,40561.31351896133,5891.458874616563,-16.363506504543913,0.3880000000000001,0.6213548046037894,0.3923942802900363,-0.004738581993101922,2.8589832752517976,42873.23023337247,0.6131393519175858,0.39806655477285857,-0.002435546782298293,308.64143739,-143.2567966480018,451.89823403800176,1.4641528300912563,4.4606991337594595,7.809255163925355e-07,0.9945218152591327,1.5062965432155222
7789,0.369,0.23,100806.0,0.02,1969.67,55158.298173509385,53739.73778187313,55628.360662153114,363.1214918040001,175.176017524,187.94547428000004,0.5175828986223879,60448.183596911214,5296.4897815731265,-52.94908821745484,0.3880000000000001,0.7407110616657978,0.2821797726329449,-0.012265023863053968,2.925288235045844,64279.54656220609,0.7490408084165987,0.27537859997972125,-0.011513578370063213,363.1214918040001,-175.176017524,538.2975093280002,1.4824171013776122,4.570578609262734,1.6187224177942767e-06,1.001379935329973,1.6672603000859032
7790,0.257,0.23,74168.0,0.13699999999999998,1504.07,39139.616368286464,37928.132759212654,39166.91654172906,277.884930086,146.46885651900004,131.416073567,0.4729154385102109,47263.43628860722,3957.5644571170787,-46.99313332561114,0.42200000000000004,0.7533235853834432,0.27425618550904063,-0.014159078860361022,2.702076805690381,50431.803993041765,0.7625647423141854,0.26327941979098496,-0.013654762875804409,277.884930086,-146.46885651900004,424.35378660500015,1.5270845614897892,4.548906429876122,9.790566656715718e-08,1.0050866750769338,1.6863542655597683
7791,0.285,0.23,185734.0,0.155,4697.9,93904.96774647484,90254.8136316682,94560.22238630935,747.0347123000003,441.62467068490463,305.4100416150957,0.4088297860681562,125037.53623177404,10956.386397279824,-127.58105281146022,0.4730000000000001,0.7440148819315503,0.2834527650559868,-0.014350652290522722,2.409975486754897,134127.43708686266,0.755800895816544,0.2700430278189281,-0.013490252778517788,747.0347123000003,-441.62467068490463,1188.6593829849048,1.5911702139318438,4.6536107009755385,2.9662790747223793e-06,1.00456862917289,1.6758110372772212
7792,0.083,0.23,21538.0,0.214,683.48,10719.5101495054,10266.685584653882,10770.594855975654,91.06845444620005,58.23582135681508,32.83263308938496,0.3605269606148998,15481.263010725894,1336.813358818264,-19.7892750309919,0.507,0.7510971750051869,0.2819893453316013,-0.018149472696813596,2.245948491689853,16695.107024213932,0.767461501985168,0.2652339537893563,-0.018145860375921283,91.06845444620005,-58.23582135681508,149.30427580301512,1.6394730393851005,4.46622824933388,2.6359589285342104e-07,1.007809039900304,1.6953923633895018
7793,0.163,0.23,145740.0,0.212,5298.02,70125.30939786369,66771.44096479159,70461.49440249936,636.8931438650002,435.4943284371815,201.3988154278186,0.3162207308523145,106976.89100729511,9458.988487592034,-128.6183720985237,0.5579999999999999,0.7453942026111647,0.2865582436665874,-0.01694116985346664,2.106596431543619,115323.8800731116,0.7599282412824524,0.270159417413716,-0.0165444771486898,636.8931438650002,-435.4943284371815,1072.3874723021815,1.6837792691476856,4.650135194214675,4.1334702384736085e-06,1.0073070187961353,1.6843047724651499
7794,0.77,0.23,10000.0,0.4,300.0,5000.89507271466,4758.788093763901,5028.926724967687,53.06903272700001,36.64517641770368,16.42385630929633,0.3094809810042071,6546.78325167157,1105.6232931408904,-5.958730951665026,0.6090000000000001,0.5886914695649581,0.4322540950844466,-0.010128797564133268,1.9412825207267208,7019.323337105719,0.5849711240492992,0.4332551649602071,-0.008832012130330698,53.06903272700001,-36.64517641770368,89.71420914470369,1.6905190189957933,4.538743532527333,9.836667592222938e-09,0.9978595502007832,1.48782643222186
7795,0.579,0.23,24520.0,0.4370000000000001,36.8,14159.94887171796,13692.859432072593,14169.156188456252,50.703841228,13.831839176000042,36.87200205199996,0.7272033273810085,9194.88814748109,584.4002501573725,-2.777111285479386,0.21800000000000005,0.7916075270355795,0.21874898508256865,-0.004519613958636213,5.268602764688745,9485.367532228156,0.7827664476029529,0.22374107932637174,-0.003377514798404578,50.703841228,-13.831839176000042,64.53568040400005,1.2727966726189917,4.646954733175788,3.4210706781567704e-07,0.9958709854516796,1.7097487043330035
7796,0.5660000000000001,0.23,200940.0,0.353,1791.5,106718.53028456037,103468.58241792153,106812.96390508606,701.44775872,332.67258544261927,368.7751732773808,0.5257343382924492,112891.68595788414,10587.245350712135,-75.8956313942942,0.3880000000000001,0.7243431456775581,0.2953503791680841,-0.009205417049361692,2.9656091350165137,119104.02651130562,0.7235438057563847,0.2939176566123503,-0.008064409692679863,701.44775872,-332.67258544261927,1034.1203441626194,1.474265661707551,4.6205485333719025,7.055902853668238e-06,0.9997289880211696,1.6373642104798622
7797,0.28600000000000003,0.23,122030.0,0.417,1822.9,61721.419081047854,58827.231072104056,62089.6567200915,480.45951554200013,279.68570636906713,200.77380917293289,0.4178787237597795,80139.13500837058,7082.343289850837,-81.2663031781411,0.4730000000000001,0.741904366021462,0.2850705870561201,-0.014221915564844001,2.4618046172373167,85876.28057265049,0.7534226271199523,0.27284739210288217,-0.01344709694635835,480.45951554200013,-279.68570636906713,760.1452219110672,1.5821212762402206,4.613215033831313,1.6691959242543872e-06,1.00412312020943,1.673202754488788
7798,0.8859999999999999,0.23,100810.0,0.488,1969.7,50574.491090934316,47989.345950436276,50748.76935346372,510.49854861000006,336.79632640057497,173.70222220942506,0.34025997269215824,63511.187414709675,10485.300357059114,-49.47680996713348,0.5920000000000001,0.5934083970966796,0.4259478967502305,-0.008738751056037606,2.041678884900412,67802.81011388138,0.5872516078639467,0.4282572393422128,-0.007240332235782708,510.49854861000006,-336.79632640057497,847.2948750105751,1.6597400273078418,4.52521280912579,1.5935603921532382e-07,0.9972082041266648,1.4884399263404988
7799,0.98,0.23,145740.0,0.462,5298.0,69837.9610007773,65371.4887530804,70447.13824400111,830.1745920400001,633.2529961029917,196.92159593700833,0.2372050383439344,95587.14530348688,18214.88066713953,-79.91613753899139,0.6940000000000001,0.5571058409769084,0.4615690785062878,-0.008804748840367702,1.7582871945770433,102053.03120805293,0.5492133504580682,0.4667780955307437,-0.007566642169957394,830.1745920400001,-633.2529961029917,1463.427588142992,1.7627949616560656,4.532295764426928,2.761939114726192e-06,0.996200103889776,1.45151948914332
